epoch,train_loss,val_loss,val_mae,val_rmse
1,0.1931460949515427,0.22756609731453525,0.31926746814451973,0.43284288725226866
2,0.1427141730628922,0.24776268663950626,0.3187771592048636,0.43198630246346764
3,0.1184680532277946,0.27169024371405165,0.32103002530468094,0.4324191876348828
4,0.10148447117412503,0.34794948180840524,0.3297961228550107,0.44990888358799336
5,0.08949029993001308,0.3110088792718856,0.32831053562722884,0.4482439920718617
6,0.07256032842534975,0.30463712271306936,0.32169624167536237,0.4426943478321369
7,0.0674562929627162,0.2930004743068317,0.32425010837318813,0.4403858302335733
