{
  "loss": 0.7301564482291186,
  "mae": 0.5844218852357408,
  "rmse": 0.7456613566248359,
  "mae_raw": 35.2415771484375,
  "rmse_raw": 83.63172912597656
}