{
  "loss": 2.676263618034054,
  "mae": 1.19501249104259,
  "rmse": 1.4353007022736644
}