epoch,train_loss,val_loss,val_mae,val_rmse
1,0.2012008402117612,0.2829315673381672,0.38146644013553593,0.5073825018238648
2,0.12743781666823747,0.2580370443096439,0.3565946624427874,0.47803152807023336
3,0.10253713777978796,0.2598820451476804,0.3612437563708759,0.47681882585534924
4,0.08768111600713972,0.2966638403986432,0.37847457752287117,0.5009838366324337
5,0.07733595579676687,0.2862237395582422,0.36952936677456005,0.497394520948435
6,0.07135949730193833,0.2597218191411408,0.35434665032349744,0.4739813363186358
7,0.05736387655989852,0.26449715770178406,0.3540017384491466,0.4702740490142431
8,0.05438160925438617,0.2716694617765038,0.3590549745290634,0.47795787101343346
