{
  "loss": 0.5817292901051847,
  "mae": 0.5352888762294514,
  "rmse": 0.7025848697525422,
  "mae_raw": 29.16073989868164,
  "rmse_raw": 66.98184967041016
}