epoch,train_loss,val_loss,val_mae,val_rmse
1,0.22573497358932948,0.5633315602408036,0.5702928698486237,0.7082952991434687
2,0.12923633434036944,0.5588129126116906,0.5503258470549516,0.6999935890532974
3,0.09844675469905773,0.5973994011551081,0.5750535743939232,0.7220422793529444
4,0.0822655353803238,0.579667321294445,0.5613183156313116,0.7141929959932676
5,0.07347094974114886,0.5956044839507609,0.5667077954930165,0.7229655096229454
6,0.06761861333490225,0.604256838863453,0.5685435638954078,0.727601481438546
7,0.05709107713755833,0.6149521772474812,0.5677043796664205,0.7309270948609786
8,0.054822162245859604,0.5944782493071867,0.5589714246862912,0.7187787096065192
