{
  "loss": 2.385699521842494,
  "mae": 1.1036656536469507,
  "rmse": 1.4120118226346012,
  "mae_raw": 124.20645141601562,
  "rmse_raw": 245.46141052246094
}