{
  "loss": 1.3326011685775225,
  "mae": 0.826872755944956,
  "rmse": 1.0279867610705198,
  "mae_raw": 65.62693786621094,
  "rmse_raw": 135.4751434326172
}