{
  "loss": 0.38432422590831333,
  "mae": 0.4133461374238809,
  "rmse": 0.5728415715295548,
  "mae_raw": 19.292530059814453,
  "rmse_raw": 46.74007034301758
}