{
  "loss": 1.0375877492940815,
  "mae": 0.8065417797724002,
  "rmse": 0.9494256680923617,
  "mae_raw": 49.483524322509766,
  "rmse_raw": 95.9347915649414
}