epoch,train_loss,val_loss,val_mae,val_rmse
1,0.19559384068749458,0.2337506753363545,0.32093885029444136,0.4381557477310834
2,0.14014872646177343,0.25224093097303846,0.322523062243479,0.438632964979193
3,0.11653974763119518,0.27750005127534005,0.33059100491170385,0.4486503199660402
4,0.10080414080917263,0.27489063539517283,0.3225427014048686,0.44293173795297813
5,0.08933635252293722,0.25407026012141776,0.32663382633615784,0.445030680415815
6,0.07360097184963167,0.3029651458146771,0.3357447905362458,0.4616641920540267
7,0.06784596858678418,0.310328926562598,0.3317315015151403,0.4594144191871869
