{
  "loss": 0.7204136293995234,
  "mae": 0.5626102262561172,
  "rmse": 0.7313955840494915,
  "mae_raw": 31.18233299255371,
  "rmse_raw": 79.44847106933594
}