{
  "loss": 356.40664062625376,
  "mae": 1.8949693054388212,
  "rmse": 2.342508630823022
}