epoch,train_loss,val_loss,val_mae,val_rmse
1,0.19459749023993886,0.512741470729245,0.5615843519706636,0.6820667124635843
2,0.14600176960085762,0.502120201322348,0.545435833630317,0.6667011102328229
3,0.134576187164629,0.48950833048493686,0.5383024991394518,0.6604542469808458
4,0.12749503726568398,0.5282876088766997,0.561623592050171,0.6884916823081801
5,0.12305881919580687,0.5669792667081847,0.5848805384044328,0.7174891184841015
6,0.11909218655621752,0.5734735425983827,0.5846146636016227,0.7204622706927964
7,0.11592379978333728,0.5269192903121654,0.5464947348575575,0.6844964135262093
8,0.10826046323147917,0.5700955770318257,0.5859461201785027,0.719429537441579
9,0.10710312340343714,0.5853428114959758,0.5941662702442321,0.7291384623941052
