{
  "loss": 2.4137861118115636,
  "mae": 1.1939219410965516,
  "rmse": 1.4502039549403583,
  "mae_raw": 81.44738006591797,
  "rmse_raw": 160.8310546875
}