{
  "loss": 21163.967744046116,
  "mae": 18.849420339736874,
  "rmse": 22.12894496633819
}