{
  "loss": 0.5639193616507671,
  "mae": 0.5203991417458682,
  "rmse": 0.6934029004776796,
  "mae_raw": 28.296804428100586,
  "rmse_raw": 67.49699401855469
}