epoch,train_loss,val_loss,val_mae,val_rmse
1,0.19438088719595417,0.3115491681384365,0.40567128709702244,0.5282658830755029
2,0.10946034975063892,0.2246014963554942,0.3372340421389163,0.4435619463533886
3,0.08320323440055015,0.2457959689159962,0.34715829882031474,0.4599008095594364
4,0.07122686210547836,0.2510093066076485,0.34953164118243196,0.4618856363275025
5,0.06273492406374434,0.23348279557906362,0.3344178650287619,0.44330653952979343
6,0.05826285432652354,0.25185756721969227,0.34967548303454765,0.46304721325616727
7,0.0474234368802261,0.2493775014623095,0.3437540956102096,0.4563865665713238
8,0.04535718646880075,0.2536989405441121,0.3462811943876516,0.4599799065599112
