{
  "loss": 0.5606019979233158,
  "mae": 0.5153117089744141,
  "rmse": 0.6888513178302291,
  "mae_raw": 26.417707443237305,
  "rmse_raw": 62.092525482177734
}