epoch,train_loss,val_loss,val_mae,val_rmse
1,0.19126865886504693,0.3337894790961553,0.40819468468029935,0.5233425512839108
