{
  "loss": 2.1910422728929193,
  "mae": 1.0527134554922866,
  "rmse": 1.2843764602024106
}