{
  "loss": 0.9111172308208881,
  "mae": 0.735899946614879,
  "rmse": 0.8706097429407598,
  "mae_raw": 49.884029388427734,
  "rmse_raw": 101.5453109741211
}