{
  "loss": 1.732475193232777,
  "mae": 0.9477716248121432,
  "rmse": 1.184650012173377,
  "mae_raw": 59.31807327270508,
  "rmse_raw": 118.7243881225586
}