epoch,train_loss,val_loss,val_mae,val_rmse
1,0.20526087716304633,0.5811432856856577,0.5660071244366001,0.693104626069482
