{
  "loss": 65573.14571081921,
  "mae": 33.80185926375002,
  "rmse": 38.02880368508343
}