{
  "loss": 2.1658996002977697,
  "mae": 1.098602145146101,
  "rmse": 1.3110118084293716,
  "mae_raw": 71.67391204833984,
  "rmse_raw": 140.66671752929688
}