{
  "loss": 2169.6079964333644,
  "mae": 6.1466289680452775,
  "rmse": 7.604668360800911
}