epoch,train_loss,val_loss,val_mae,val_rmse
1,0.34916626913705395,0.35437404159260677,0.4337321559494336,0.553325956112273
2,0.21595529155830734,0.404838899984505,0.4617872501590993,0.5904454305381177
3,0.20426829444555542,0.37102014524592425,0.4581315336731774,0.5785161617921929
4,0.1990900794812791,0.40284795534505885,0.4810345345391554,0.5994248471912768
5,0.19658890797715498,0.38849727615371993,0.46877920463908207,0.5866084438208167
6,0.19210288845960788,0.414800918260835,0.48930093174813466,0.6127852393025315
7,0.19113027777043734,0.41118574738374625,0.48143104862639946,0.6028344410602895
