{
  "loss": 0.6715645503942262,
  "mae": 0.5944696855413767,
  "rmse": 0.7222484434398238,
  "mae_raw": 37.77652359008789,
  "rmse_raw": 77.68171691894531
}