epoch,train_loss,val_loss,val_mae,val_rmse
1,0.20973646763272627,0.5407841459870527,0.5486396941306013,0.6764670846905004
2,0.14549269525035208,0.5575620974385611,0.5697713783493249,0.7007824199228259
3,0.13472018903211422,0.49312032474378903,0.5397748929751564,0.6601210927105792
4,0.12806978386536788,0.49550134241513555,0.5382469431681484,0.6599814121039899
5,0.1229470652785707,0.5133220824794084,0.5468828200592872,0.6775453933302943
