{
  "loss": 3035.3354357413655,
  "mae": 7.506081649605371,
  "rmse": 8.675975312154637,
  "mae_raw": 253.07388305664062,
  "rmse_raw": 2037.2667236328125
}