{
  "loss": 0.3949200155774399,
  "mae": 0.4197328358270111,
  "rmse": 0.5873564219181945,
  "mae_raw": 19.383146286010742,
  "rmse_raw": 47.16712951660156
}