{
  "loss": 0.40682777381205854,
  "mae": 0.42151534110497035,
  "rmse": 0.5928195132789144,
  "mae_raw": 19.896596908569336,
  "rmse_raw": 48.185264587402344
}