{
  "loss": 0.8474661152729388,
  "mae": 0.6899847340553507,
  "rmse": 0.8204855699248357,
  "mae_raw": 40.49564743041992,
  "rmse_raw": 78.52271270751953
}