{
  "loss": 8854.18010597618,
  "mae": 14.650642923301637,
  "rmse": 15.878576418152585
}