{
  "loss": 0.6182594196472517,
  "mae": 0.5288297131828008,
  "rmse": 0.7163724735196189,
  "mae_raw": 28.467857360839844,
  "rmse_raw": 67.06476593017578
}