{
  "best_params": {
    "hidden_dim": 32,
    "num_scales": 1,
    "top_k_periods": 4,
    "lr": 0.0008101863760300812,
    "weight_decay": 0.001395379285251439
  },
  "best_val_loss": 0.7086024794258216
}