epoch,train_loss,val_loss,val_mae,val_rmse
1,0.19595164092053835,0.2370343731468109,0.32500995406263555,0.4435978188864588
2,0.14283285675402338,0.23467305644697653,0.3293671219728965,0.4422084058438522
3,0.11918153719987269,0.3110449675377079,0.34989841777581154,0.47906086407002396
4,0.10071042722766779,0.31697670813922435,0.32761689610067957,0.45481227146814474
5,0.08759451602476571,0.24522716679099393,0.3155100924138526,0.43468250956716414
6,0.0799351180555038,0.2711364709302812,0.32515762172474727,0.4469356447477449
7,0.06554589998477538,0.28462731940529934,0.32396696582420575,0.4458836517065949
8,0.0609426630567938,0.2949132951665042,0.327735022461688,0.44789261861155405
