{
  "loss": 1.0701571993501395,
  "mae": 0.6956665622688157,
  "rmse": 0.8863003406419637,
  "mae_raw": 46.97996520996094,
  "rmse_raw": 115.28311920166016
}