{
  "loss": 0.7959933558245008,
  "mae": 0.5958620143009237,
  "rmse": 0.7897798406823932,
  "mae_raw": 36.25310134887695,
  "rmse_raw": 77.03659057617188
}