{
  "loss": 0.4081521329613168,
  "mae": 0.42993169369105816,
  "rmse": 0.5979897771433015,
  "mae_raw": 19.49604606628418,
  "rmse_raw": 46.977821350097656
}