{
  "loss": 16964.84937513252,
  "mae": 13.077561789374895,
  "rmse": 22.160401455934952,
  "mae_raw": 1939.8707275390625,
  "rmse_raw": 23093.16796875
}