{
  "loss": 1.0301606407588642,
  "mae": 0.7979923969656166,
  "rmse": 0.9237123589200622,
  "mae_raw": 53.21465301513672,
  "rmse_raw": 99.52980041503906
}