epoch,train_loss,val_loss,val_mae,val_rmse
1,0.1461846408518878,0.37771588058337935,0.4348592313267316,0.554853354501282
2,0.06576615245202178,0.37803045642562,0.43364860520215087,0.5571135079879562
3,0.05289937197311819,0.40242923503276906,0.441505506577413,0.5737608412195994
4,0.046303343797026913,0.3825926967024183,0.42828448094870814,0.5546440849124078
5,0.04183296561853625,0.38173640777395473,0.4291887262158199,0.5568116382084614
6,0.03294040673417787,0.3970127340437357,0.43672296289566065,0.5648643296516149
7,0.03148631517265561,0.4040829790067252,0.4420315396917861,0.5722243774398316
