{
  "loss": 2.1879157771343047,
  "mae": 1.0024658662762034,
  "rmse": 1.2960679597411142,
  "mae_raw": 29.054195404052734,
  "rmse_raw": 60.62971115112305
}