epoch,train_loss,val_loss,val_mae,val_rmse
1,0.15411720147817584,0.20570184873859404,0.32460435592573206,0.4205716461154223
2,0.10141517098227984,0.18971807702598947,0.30164166340575255,0.3922670278086782
3,0.0870337811354083,0.19045156173965905,0.3102417251655048,0.39868911006782626
4,0.07740700435815755,0.20804070012683495,0.31217079051598234,0.40847129858606646
5,0.0710095260435297,0.20683353374608468,0.313062256829111,0.40236335829127323
6,0.06426437502108415,0.20757101214998552,0.3158458183185657,0.40675843295251013
7,0.052540173446634454,0.21659346874679422,0.3208562638774447,0.413739302196208
8,0.050357482365677546,0.22336252589666697,0.3248835102833026,0.42043676024162574
