{
  "loss": 1.128079118805889,
  "mae": 0.7615787183162975,
  "rmse": 0.9418112445008902,
  "mae_raw": 52.95368194580078,
  "rmse_raw": 107.63446807861328
}