epoch,train_loss,val_loss,val_mae,val_rmse
1,0.19204149491825703,0.3614745135491748,0.42238759382416613,0.5453661714601075
