{
  "loss": 1.9773336917110134,
  "mae": 1.0073720735345184,
  "rmse": 1.240609409859884
}