epoch,train_loss,val_loss,val_mae,val_rmse
1,0.19359974563836824,0.24846557772509967,0.33951433405449555,0.4560682970268791
2,0.14320344506135485,0.26516278670264326,0.34189077578141336,0.46186669115548584
3,0.11888719689379841,0.26312469238504477,0.3244587530958834,0.437890092617093
4,0.100789924286263,0.2785425775553939,0.326070282712972,0.4477481553672696
5,0.08877841020342599,0.3138435210531501,0.3544689371360267,0.4741952525421008
6,0.07228139869067925,0.2924214718270726,0.34373179080020305,0.4663268334874266
7,0.06717432016281558,0.330722542784547,0.3602868540556588,0.4872627761250938
