{
  "loss": 0.8179957553308831,
  "mae": 0.634930574328452,
  "rmse": 0.7919022971570921,
  "mae_raw": 37.45549011230469,
  "rmse_raw": 87.84646606445312
}