{
  "loss": 0.6342703290394129,
  "mae": 0.5660226394543452,
  "rmse": 0.7360951312514292,
  "mae_raw": 30.638376235961914,
  "rmse_raw": 67.05632019042969
}