{
  "loss": 1.7611338886756203,
  "mae": 0.9923261777418542,
  "rmse": 1.1592389454229663,
  "mae_raw": 58.97129821777344,
  "rmse_raw": 114.82178497314453
}