{
  "loss": 0.6703735785444426,
  "mae": 0.5890598367806563,
  "rmse": 0.7558396289228434,
  "mae_raw": 30.8935546875,
  "rmse_raw": 67.86421203613281
}