{
  "loss": 229.1345275030712,
  "mae": 2.6598916183290973,
  "rmse": 3.5752870428308308
}