{
  "loss": 2.2214560602767546,
  "mae": 0.998649019134191,
  "rmse": 1.2720097091328235,
  "mae_raw": 28.497358322143555,
  "rmse_raw": 59.70220947265625
}