{
  "loss": 1153.0994304876026,
  "mae": 2.5585736155976218,
  "rmse": 3.2593639352849024
}