{
  "loss": 4167.8021111470725,
  "mae": 10.378861405392513,
  "rmse": 11.18542638212533
}