{
  "loss": 2.250791088586033,
  "mae": 1.010516423055147,
  "rmse": 1.2700972360910272,
  "mae_raw": 31.666948318481445,
  "rmse_raw": 66.02050018310547
}