epoch,train_loss,val_loss,val_mae,val_rmse
1,0.1856070206116892,0.571902459871982,0.5784959906475815,0.7106620922155494
2,0.1289627364038614,0.6041692030211429,0.6067003819150263,0.7362518545945449
3,0.11704121996978266,0.5235145303815286,0.561304321374809,0.6868329760284614
4,0.11001844066456393,0.6060190546757979,0.6059887111254392,0.739644547739441
5,0.10467609733602526,0.5579164510289891,0.5802762446104739,0.7076383250462365
6,0.10027786189369584,0.6051285122617072,0.611980723663305,0.7404120979846212
7,0.09676000739247817,0.5865075117429169,0.6002862162245962,0.729149895673207
8,0.08843885341972632,0.5799728910649586,0.5926301980067151,0.7242835353898991
9,0.08704430830072273,0.6133410183721688,0.6122815068882802,0.7473345287675044
