{
  "loss": NaN,
  "mae": NaN,
  "rmse": NaN,
  "mae_raw": 2044.559814453125,
  "rmse_raw": 61268.66015625
}