epoch,train_loss,val_loss,val_mae,val_rmse
1,0.8558308304843427,3.2923922965619163,1.2922262433925122,1.6442734059589765
2,0.6994946174280657,3.44547432483304,1.3181812845057004,1.6814812138673447
3,0.671395293066918,3.6714028059426003,1.3716929615682043,1.7309377004956514
4,0.6478648126525751,3.9983562121343215,1.349648629358157,1.7701431638154572
5,0.640385123938608,3.389082153015857,1.3004017018934249,1.6758581169990223
6,0.6113431748009918,3.325413196057727,1.2880554475566395,1.6637387408946263
7,0.6129093181034425,3.8438142342159254,1.3159168428475445,1.7362362855597386
