epoch,train_loss,val_loss,val_mae,val_rmse
1,0.1946825013753007,0.386129923062043,0.4329366916122816,0.566862387682512
