{
  "loss": 2.3198406664457907,
  "mae": 1.0872610885000706,
  "rmse": 1.3270111051345586
}