epoch,train_loss,val_loss,val_mae,val_rmse
1,0.20260335038096114,0.49996892927900655,0.566457919810008,0.6849413310169432
2,0.13748902209003003,0.47792993661442223,0.5497308796604569,0.6651572740863153
3,0.1274142079126812,0.5553385733253734,0.5874161181263697,0.7178885473045917
4,0.1215372956652845,0.5663483978417574,0.5952948353316645,0.7240612438067273
5,0.11753994788824368,0.5669548199734854,0.5847529580449372,0.7200503890234573
6,0.11468192262507103,0.5776691154281716,0.6055489198712928,0.7297183033786242
7,0.10855688019914843,0.6392024495370959,0.6328029724257976,0.7682400742356702
8,0.10709342515299851,0.6317736097887028,0.6298477651479034,0.7582138419483793
