{
  "loss": NaN,
  "mae": NaN,
  "rmse": NaN,
  "mae_raw": 1486.0355224609375,
  "rmse_raw": 15033.0439453125
}