epoch,train_loss,val_loss,val_mae,val_rmse
1,0.19402026614206672,0.578486658550177,0.5991218618288539,0.7203819768187741
2,0.13599704305426988,0.5755329389050114,0.5957895956463308,0.7238244694758529
3,0.12362761526031697,0.5983861535147179,0.5957875263095037,0.7323030337195837
4,0.11592140403977907,0.5814330983798285,0.5904267333638369,0.7258953421505779
5,0.11063433753423811,0.6012959320117542,0.6039932602887994,0.742085753347884
6,0.10719115046398783,0.6350037254000432,0.6247621774403819,0.7674384535882462
7,0.09794639244070366,0.590763407092212,0.5961136292262574,0.7383854856212817
8,0.09672716711386606,0.6179626001758398,0.6027296001866402,0.7524711769432322
