{
  "loss": 1.8121406851981527,
  "mae": 0.9980684615694301,
  "rmse": 1.2250913710554803,
  "mae_raw": 67.00920867919922,
  "rmse_raw": 131.86424255371094
}