{
  "loss": 3.7518693756521984,
  "mae": 1.4141964967954668,
  "rmse": 1.7636465039711693
}