{
  "loss": 2.274679427067128,
  "mae": 1.0062582675191125,
  "rmse": 1.3041979836567958,
  "mae_raw": 28.468015670776367,
  "rmse_raw": 61.62446975708008
}