epoch,train_loss,val_loss,val_mae,val_rmse
1,0.2780438385168865,1.4383936229940724,0.9772201119249047,1.1603526658964383
2,0.2072416834634093,0.8127537130487097,0.6975330800876389,0.8680733597621042
3,0.17920969152819488,0.7230252456109574,0.6410123563559718,0.8142532797400106
4,0.17400765694259906,0.8343366614309702,0.6996336391988154,0.8795087807077651
5,0.1710726554781141,0.9254499495204718,0.748940666696384,0.9248374562219267
6,0.16900690564276863,1.0202365003136913,0.7901985873142753,0.9707931641188446
7,0.16695605884927614,0.9413585120386949,0.748262282289873,0.9273667011129401
8,0.1628456203414693,0.9570775510997315,0.7528542625475351,0.9376019274748928
9,0.16235446956592325,1.0113803834376953,0.7886219414832014,0.9654949042382377
