{
  "loss": 1.206371544755474,
  "mae": 0.889029871272502,
  "rmse": 1.055663927644815,
  "mae_raw": 60.92211151123047,
  "rmse_raw": 113.61243438720703
}