epoch,train_loss,val_loss,val_mae,val_rmse
1,0.20324979135708107,0.4165844655271516,0.4962197767612325,0.6243666428579677
