{
  "loss": 53.958642766002676,
  "mae": 1.7143496618432514,
  "rmse": 2.0318622787016363
}