epoch,train_loss,val_loss,val_mae,val_rmse
1,0.21893443273080612,0.8982674387401381,0.7368381573209609,0.8964132430245504
