{
  "loss": 851.4044382473351,
  "mae": 4.6462475972453285,
  "rmse": 5.48634997534783
}