epoch,train_loss,val_loss,val_mae,val_rmse
1,0.32373761206922513,0.5006093609565779,0.5205403747182117,0.6541136693376453
2,0.2097312856301122,0.521000974259134,0.5474279993876089,0.6726698744606496
3,0.19769231787741529,0.5357779378007088,0.5708752493059346,0.6960082183040741
4,0.1939838557877719,0.5413949478723746,0.5557405999407086,0.6867912263349514
5,0.19096500701816205,0.6308441384236103,0.6125080637398822,0.7426124461677754
6,0.18649753514898945,0.6140575463412223,0.5949905231208203,0.7258526530677069
7,0.1857847180682272,0.6030432178441661,0.5811284726537161,0.7111668632000308
