{
  "loss": 0.9221238312972193,
  "mae": 0.69888595036913,
  "rmse": 0.8353892450916318,
  "mae_raw": 41.56703186035156,
  "rmse_raw": 86.32111358642578
}