{
  "loss": 1.8491084785862417,
  "mae": 0.9859391769498703,
  "rmse": 1.213151327737877
}